{"shoulderLeft":[0.23232561349868774,-7.282090373337269E-4,1.5117685794830322],"kneeRight":[0.2034742832183838,0.07318899780511856,1.5262155532836914],"handLeft":[0.20062175393104553,0.042811356484889984,1.5622279644012451],"spineBase":[0.35717347264289856,-0.147814080119133,1.5176280736923218],"handRight":[0.308874249458313,0.002167375525459647,1.5203684568405151],"footLeft":[0.09682074189186096,-0.43267905712127686,1.8620669841766357],"neck":[0.37408578395843506,0.22511018812656403,1.5744919776916504],"spineMid":[0.3819247782230377,-0.09069635719060898,1.5589617490768433],"footRight":[0.3506239354610443,-0.2077827751636505,1.343670129776001],"head":[0.2963443994522095,0.36966782808303833,1.6115845441818237],"hipRight":[0.39279046654701233,-0.19087712466716766,1.4623148441314697],"kneeLeft":[0.27745580673217773,-0.2838643193244934,1.8131117820739746],"shoulderRight":[0.4163775146007538,0.08692967146635056,1.4242016077041626],"hipLeft":[0.31095269322395325,-0.23080213367938995,1.5501759052276611],"elbowLeft":[0.2813640534877777,-0.10723984241485596,1.3586044311523438],"elbowRight":[0.5260802507400513,-0.08682167530059814,1.4215500354766846]}