{"shoulderLeft":[-0.48491227626800537,-0.33840319514274597,1.032592535018921],"kneeRight":[-0.1698155403137207,-0.12978361546993256,0.37111109495162964],"handLeft":[-0.3540646731853485,-0.3027154505252838,0.8444780111312866],"spineBase":[0.0,0.0,0.0],"handRight":[-0.3407883644104004,-0.3074212968349457,0.8424531817436218],"footLeft":[-0.1918621063232422,-0.032550401985645294,0.4779280424118042],"neck":[-0.35527700185775757,-0.2686382234096527,0.8836634755134583],"spineMid":[0.0,0.0,0.0],"footRight":[-0.3649565875530243,-0.18828412890434265,0.5175076723098755],"head":[-0.291519433259964,-0.08963100612163544,0.9678772687911987],"hipRight":[0.0,0.0,0.0],"kneeLeft":[0.0,0.0,0.0],"shoulderRight":[-0.237269327044487,-0.4029502868652344,0.8455597758293152],"hipLeft":[0.0,0.0,0.0],"elbowLeft":[-0.4852864742279053,-0.6012124419212341,0.9872394800186157],"elbowRight":[-0.15040560066699982,-0.5753210186958313,0.8466354012489319]}