{"shoulderLeft":[-0.16606689989566803,-0.17669512331485748,1.2359123229980469],"kneeRight":[0.25730863213539124,-0.6536853313446045,1.4507091045379639],"handLeft":[-0.33393150568008423,-0.2652784585952759,1.004512906074524],"spineBase":[-0.014830688945949078,-0.36705246567726135,1.344533085823059],"handRight":[0.1849455088376999,-0.6743500828742981,1.3980075120925903],"footLeft":[-0.5107113122940063,-0.29086050391197205,0.7861967086791992],"neck":[-0.038342323154211044,-0.09301295876502991,1.2265198230743408],"spineMid":[-0.0187492948025465,-0.3213792145252228,1.3228715658187866],"footRight":[0.5096102952957153,-0.9941924214363098,1.4618022441864014],"head":[-0.01094820536673069,0.07339033484458923,1.1469640731811523],"hipRight":[0.055442821234464645,-0.4202190041542053,1.3815714120864868],"kneeLeft":[-0.3136148452758789,-0.3246455788612366,1.0930969715118408],"shoulderRight":[0.1226627454161644,-0.1379554122686386,1.2793467044830322],"hipLeft":[-0.07448551058769226,-0.4376518726348877,1.3563755750656128],"elbowLeft":[-0.19128189980983734,-0.34435635805130005,1.360446810722351],"elbowRight":[0.1470901370048523,-0.3933003842830658,1.3757473230361938]}