{"shoulderLeft":[-0.3989672362804413,-0.09244279563426971,1.3637973070144653],"kneeRight":[-0.04864855483174324,-0.5862137675285339,1.4844533205032349],"handLeft":[-0.660736083984375,-0.1272977888584137,1.304242730140686],"spineBase":[-0.26010119915008545,-0.36898529529571533,1.3795832395553589],"handRight":[-0.554648756980896,-0.24106331169605255,1.1848392486572266],"footLeft":[-0.7790123224258423,-0.18289826810359955,1.208451747894287],"neck":[-0.2764700949192047,-0.0028113508597016335,1.2819175720214844],"spineMid":[-0.2640905976295471,-0.30582690238952637,1.3593865633010864],"footRight":[0.10033313930034637,-0.8315204977989197,1.5654044151306152],"head":[-0.29427939653396606,0.15907004475593567,1.20882248878479],"hipRight":[-0.20689213275909424,-0.428201824426651,1.36759352684021],"kneeLeft":[-0.5783230662345886,-0.21409453451633453,1.438974380493164],"shoulderRight":[-0.18604853749275208,-0.10320813208818436,1.2288239002227783],"hipLeft":[-0.30811187624931335,-0.42026233673095703,1.4175517559051514],"elbowLeft":[-0.517680287361145,-0.2512440085411072,1.4932587146759033],"elbowRight":[-0.3117672801017761,-0.2455846667289734,1.170988917350769]}