{"shoulderLeft":[0.2662152647972107,0.2402288168668747,2.084031581878662],"kneeRight":[0.4095414876937866,-0.5038894414901733,1.7815675735473633],"handLeft":[0.1836598515510559,-0.38773414492607117,2.1563074588775635],"spineBase":[0.35275864601135254,-0.05228521674871445,1.9027339220046997],"handRight":[0.5294324159622192,-0.3009112775325775,1.6920220851898193],"footLeft":[0.16896577179431915,-0.3831789791584015,1.652032732963562],"neck":[0.3842430114746094,0.35406494140625,1.955101728439331],"spineMid":[0.39348548650741577,0.0071500735357403755,1.9402544498443604],"footRight":[0.22855497896671295,-0.5687488317489624,1.7743079662322998],"head":[0.29269465804100037,0.5204923152923584,1.9433555603027344],"hipRight":[0.3994678258895874,-0.11991175264120102,1.8358886241912842],"kneeLeft":[0.2881879508495331,-0.5055392980575562,2.012817859649658],"shoulderRight":[0.48886996507644653,0.2461833357810974,1.8391300439834595],"hipLeft":[0.29467788338661194,-0.12711462378501892,1.9461153745651245],"elbowLeft":[0.22636651992797852,-0.017764054238796234,2.214458703994751],"elbowRight":[0.5995837450027466,0.016250967979431152,1.7529329061508179]}