{"shoulderLeft":[-0.061040930449962616,0.11088261008262634,1.4282528162002563],"kneeRight":[0.13437283039093018,-0.5807587504386902,1.6693586111068726],"handLeft":[0.016163045540452003,0.031037574633955956,1.0573246479034424],"spineBase":[0.0369359515607357,-0.18809083104133606,1.5300371646881104],"handRight":[0.15463604032993317,0.15460839867591858,1.4011260271072388],"footLeft":[-0.0440305694937706,-0.9482118487358093,1.7525461912155151],"neck":[0.024539105594158173,0.20006562769412994,1.4164317846298218],"spineMid":[0.03458508849143982,-0.12257079035043716,1.5085053443908691],"footRight":[0.18559445440769196,-0.9671356081962585,1.7068572044372559],"head":[0.013956638053059578,0.3711683750152588,1.3297040462493896],"hipRight":[0.10398178547620773,-0.2443644404411316,1.5561622381210327],"kneeLeft":[-0.0451144315302372,-0.5647424459457397,1.67841374874115],"shoulderRight":[0.17240528762340546,0.11661814898252487,1.480637550354004],"hipLeft":[-0.022834615781903267,-0.2507360875606537,1.5326186418533325],"elbowLeft":[-0.036179233342409134,-0.13797153532505035,1.276505708694458],"elbowRight":[0.22562892735004425,-0.12886598706245422,1.572380781173706]}