{"shoulderLeft":[-0.4775973856449127,0.36187419295310974,1.8947473764419556],"kneeRight":[-0.1256641447544098,-0.4455516040325165,2.224331855773926],"handLeft":[-0.63014817237854,0.013670755550265312,1.7152756452560425],"spineBase":[-0.3030274510383606,0.05348934978246689,1.9840271472930908],"handRight":[0.07802005857229233,0.061111025512218475,1.7713954448699951],"footLeft":[-0.5190492868423462,-0.9483654499053955,2.3678109645843506],"neck":[-0.30589500069618225,0.4367213547229767,1.885762333869934],"spineMid":[-0.303955614566803,0.11734113842248917,1.9648075103759766],"footRight":[0.023412257432937622,-0.90761798620224,2.3817901611328125],"head":[-0.2826553285121918,0.6055737137794495,1.7946308851242065],"hipRight":[-0.22304557263851166,-0.019578609615564346,2.016280174255371],"kneeLeft":[-0.44641032814979553,-0.46472105383872986,2.22849440574646],"shoulderRight":[-0.1310379058122635,0.3612845242023468,1.9498589038848877],"hipLeft":[-0.3799479901790619,-0.0272882841527462,1.98692786693573],"elbowLeft":[-0.5816515684127808,0.17556314170360565,1.9467318058013916],"elbowRight":[-0.05079229921102524,0.16573107242584229,2.020625352859497]}