{"shoulderLeft":[0.26279497146606445,0.17111371457576752,1.784433126449585],"kneeRight":[0.281354695558548,-0.5787567496299744,1.41015625],"handLeft":[0.05613843724131584,-0.02289826050400734,1.4745627641677856],"spineBase":[0.2854580283164978,-0.0669437050819397,1.554460048675537],"handRight":[0.09182251244783401,0.007914841175079346,1.458669900894165],"footLeft":[0.20372040569782257,-0.5619480609893799,1.6136986017227173],"neck":[0.3099297285079956,0.28140944242477417,1.608791708946228],"spineMid":[0.2899053990840912,-0.008698378689587116,1.5610603094100952],"footRight":[0.2661605179309845,-0.35678547620773315,1.4104804992675781],"head":[0.2960010766983032,0.44699227809906006,1.6837331056594849],"hipRight":[0.29368752241134644,-0.15550531446933746,1.4512238502502441],"kneeLeft":[0.19388091564178467,-0.5119274258613586,1.633209466934204],"shoulderRight":[0.3530887961387634,0.1653105914592743,1.4837247133255005],"hipLeft":[0.2586219608783722,-0.15292423963546753,1.6227885484695435],"elbowLeft":[0.3078337013721466,0.06869257241487503,1.5386621952056885],"elbowRight":[0.37512895464897156,0.017186522483825684,1.3598721027374268]}