{"shoulderLeft":[0.17355448007583618,0.16275492310523987,2.3420510292053223],"kneeRight":[0.41588398814201355,-0.41639503836631775,2.2980072498321533],"handLeft":[0.21314963698387146,0.02292201854288578,2.2421720027923584],"spineBase":[0.3362990617752075,-0.10219718515872955,2.354032039642334],"handRight":[0.19652236998081207,-0.14946825802326202,2.1608071327209473],"footLeft":[0.3475516438484192,-0.638427734375,2.223385810852051],"neck":[0.3156088888645172,0.26696422696113586,2.3765292167663574],"spineMid":[0.3413452208042145,-0.043234024196863174,2.3908724784851074],"footRight":[0.42719829082489014,-0.6228712797164917,2.2547779083251953],"head":[0.29733899235725403,0.40507662296295166,2.4173479080200195],"hipRight":[0.37253740429878235,-0.15491533279418945,2.3230085372924805],"kneeLeft":[0.30348166823387146,-0.4570753872394562,2.2903754711151123],"shoulderRight":[0.3933444321155548,0.16087846457958221,2.293628692626953],"hipLeft":[0.29343628883361816,-0.1574338674545288,2.366048574447632],"elbowLeft":[0.11428581923246384,0.0674448162317276,2.248037815093994],"elbowRight":[0.3062220513820648,-3.488174988888204E-4,2.2115001678466797]}