{"shoulderLeft":[-0.4254404902458191,-0.015741288661956787,1.7389308214187622],"kneeRight":[-0.1783980131149292,-0.6593058109283447,1.9482353925704956],"handLeft":[-0.20862263441085815,-0.17890769243240356,1.6785457134246826],"spineBase":[-0.3202117383480072,-0.28234127163887024,1.8364934921264648],"handRight":[-0.233069509267807,-0.16575567424297333,1.7913095951080322],"footLeft":[-0.3845270872116089,-0.8284438848495483,2.0301146507263184],"neck":[-0.3261169493198395,0.10391345620155334,1.7692322731018066],"spineMid":[-0.32157185673713684,-0.21835778653621674,1.8223185539245605],"footRight":[-0.32616716623306274,-0.5663985013961792,1.8305145502090454],"head":[-0.2991327941417694,0.287131130695343,1.6986703872680664],"hipRight":[-0.27960652112960815,-0.3307311534881592,1.8450251817703247],"kneeLeft":[-0.4036718010902405,-0.6601330041885376,1.9634959697723389],"shoulderRight":[-0.2633596360683441,0.10997267067432404,1.7994952201843262],"hipLeft":[-0.35894736647605896,-0.32603219151496887,1.843286156654358],"elbowLeft":[-0.4847349524497986,-0.25318643450737,1.7597219944000244],"elbowRight":[-0.36194705963134766,0.09114953130483627,1.6157910823822021]}