{"shoulderLeft":[-0.42149579524993896,-0.087760329246521,1.5201117992401123],"kneeRight":[-0.24628663063049316,-0.5954293012619019,1.657518982887268],"handLeft":[-0.7337985634803772,-0.25995904207229614,1.5356011390686035],"spineBase":[-0.2621290385723114,-0.2355029582977295,1.5777840614318848],"handRight":[0.08890759199857712,0.15670479834079742,1.2416558265686035],"footLeft":[-0.7329967021942139,-0.8074729442596436,1.9821535348892212],"neck":[-0.24148671329021454,0.03105464205145836,1.454314112663269],"spineMid":[-0.25785210728645325,-0.18832363188266754,1.558454155921936],"footRight":[-0.3028845489025116,-0.9536578059196472,1.7517437934875488],"head":[-0.2716342806816101,0.1641777902841568,1.3907510042190552],"hipRight":[-0.20703794062137604,-0.34765803813934326,1.5289127826690674],"kneeLeft":[-0.6198423504829407,-0.574651837348938,1.871321201324463],"shoulderRight":[-0.1555843949317932,-0.02944517880678177,1.4571295976638794],"hipLeft":[-0.34361162781715393,-0.3486388921737671,1.7407275438308716],"elbowLeft":[-0.6541728377342224,-0.11361783742904663,1.6120280027389526],"elbowRight":[0.07772164791822433,-0.07994671165943146,1.3769625425338745]}