{"shoulderLeft":[-0.4335583746433258,0.3095627427101135,2.0250375270843506],"kneeRight":[-0.16471442580223083,-0.2654424011707306,2.206430435180664],"handLeft":[-0.5357990860939026,0.04187270253896713,2.0874435901641846],"spineBase":[-0.30024608969688416,0.10734574496746063,2.069390296936035],"handRight":[-0.14574134349822998,-0.09412740170955658,1.798660397529602],"footLeft":[-0.3719959557056427,-0.30291080474853516,2.123903751373291],"neck":[-0.30763840675354004,0.3639385998249054,1.98778235912323],"spineMid":[-0.29836779832839966,0.14929166436195374,2.0554442405700684],"footRight":[-0.19680927693843842,-0.5493735671043396,2.249288558959961],"head":[-0.2878626585006714,0.5371679067611694,1.8996589183807373],"hipRight":[-0.23444361984729767,0.042470548301935196,2.081454038619995],"kneeLeft":[-0.43779778480529785,-0.2003343552350998,2.2195703983306885],"shoulderRight":[-0.16091090440750122,0.2916199564933777,2.028902769088745],"hipLeft":[-0.3678998649120331,0.04947124049067497,2.0856451988220215],"elbowLeft":[-0.49420037865638733,0.1695161759853363,2.0488686561584473],"elbowRight":[-0.1345026195049286,0.10368010401725769,1.9838818311691284]}