{"shoulderLeft":[-0.2407132089138031,-0.05831701308488846,1.4342159032821655],"kneeRight":[-0.0216368380934,-0.7534754276275635,1.6342744827270508],"handLeft":[-0.2667010724544525,-0.5096160769462585,1.436516284942627],"spineBase":[-0.10107439756393433,-0.32654470205307007,1.4878838062286377],"handRight":[0.19783538579940796,-0.5689879655838013,1.5755404233932495],"footLeft":[-0.1983046978712082,-1.079458236694336,1.6217656135559082],"neck":[-0.08294349163770676,3.96690666093491E-5,1.4137455224990845],"spineMid":[-0.09805258363485336,-0.27211397886276245,1.4733119010925293],"footRight":[-0.0022237449884414673,-1.0814813375473022,1.653843879699707],"head":[-0.049561191350221634,0.16297611594200134,1.3331758975982666],"hipRight":[-0.03611636161804199,-0.3975236415863037,1.512095332145691],"kneeLeft":[-0.1924213171005249,-0.750012218952179,1.6065644025802612],"shoulderRight":[0.06484158337116241,-0.07022365927696228,1.4692566394805908],"hipLeft":[-0.17361602187156677,-0.3921656608581543,1.4901329278945923],"elbowLeft":[-0.327008992433548,-0.24754226207733154,1.4803955554962158],"elbowRight":[0.12042342126369476,-0.26090478897094727,1.5393658876419067]}