{"shoulderLeft":[0.0,0.0,0.0],"kneeRight":[-0.15940462052822113,-0.048611536622047424,0.3438805341720581],"handLeft":[-0.18136820197105408,-0.14988911151885986,0.4894653558731079],"spineBase":[0.0,0.0,0.0],"handRight":[-0.5329828262329102,-0.11975395679473877,1.037332534790039],"footLeft":[-0.1947687268257141,-0.06846299767494202,0.3740456700325012],"neck":[0.0,0.0,0.0],"spineMid":[0.0,0.0,0.0],"footRight":[-0.07856956124305725,-0.2566664218902588,0.24672192335128784],"head":[-0.13333727419376373,-0.12851737439632416,0.33353209495544434],"hipRight":[0.0,0.0,0.0],"kneeLeft":[0.0,0.0,0.0],"shoulderRight":[0.0,0.0,0.0],"hipLeft":[0.0,0.0,0.0],"elbowLeft":[-0.10166679322719574,-0.09430182725191116,0.24200281500816345],"elbowRight":[-0.13940349221229553,-0.07690643519163132,0.27263662219047546]}