{"shoulderLeft":[-0.2338472157716751,0.31262969970703125,2.748140811920166],"kneeRight":[-0.2509588599205017,0.3010927140712738,2.5944948196411133],"handLeft":[-0.32857614755630493,0.19003620743751526,2.58974289894104],"spineBase":[-0.2144012749195099,0.3806549906730652,2.8496100902557373],"handRight":[-0.2679762542247772,0.2498479187488556,2.6425607204437256],"footLeft":[-0.5828844308853149,-0.010084042325615883,2.920102596282959],"neck":[-0.12997007369995117,0.37547677755355835,2.7894139289855957],"spineMid":[-0.2030998319387436,0.41160938143730164,2.8549413681030273],"footRight":[-0.21628403663635254,0.0456557460129261,2.647029399871826],"head":[-0.13776937127113342,0.5535179376602173,2.7982406616210938],"hipRight":[-0.22616373002529144,0.355643093585968,2.8692524433135986],"kneeLeft":[-0.6426600813865662,0.35248851776123047,2.8644509315490723],"shoulderRight":[-0.00512088043615222,0.3184041976928711,2.770853042602539],"hipLeft":[-0.2924831509590149,0.3648670017719269,2.879906415939331],"elbowLeft":[-0.09725243598222733,0.20286698639392853,2.5786380767822266],"elbowRight":[0.04045388475060463,0.13529156148433685,2.6326866149902344]}