{"shoulderLeft":[-0.13460765779018402,0.24823305010795593,1.788993239402771],"kneeRight":[0.15751636028289795,-0.494835764169693,1.968087077140808],"handLeft":[-0.13916297256946564,-0.2631226181983948,1.766492486000061],"spineBase":[0.03692499175667763,-0.0467824824154377,1.7987033128738403],"handRight":[-0.09014245122671127,0.07108166068792343,1.408769130706787],"footLeft":[-0.07106070965528488,-0.903660774230957,2.1178932189941406],"neck":[0.04175015166401863,0.3243809640407562,1.7231645584106445],"spineMid":[0.03821876272559166,0.014473780989646912,1.7842007875442505],"footRight":[0.15952791273593903,-0.8853030204772949,2.082756996154785],"head":[0.01749301329255104,0.49698498845100403,1.6109461784362793],"hipRight":[0.10516013205051422,-0.12294451147317886,1.7912873029708862],"kneeLeft":[-0.06119206175208092,-0.505702793598175,1.9962681531906128],"shoulderRight":[0.19441649317741394,0.22526119649410248,1.6969987154006958],"hipLeft":[-0.03667076677083969,-0.11911407113075256,1.8274378776550293],"elbowLeft":[-0.18673013150691986,-0.01480746641755104,1.8810245990753174],"elbowRight":[0.2236400544643402,0.028713436797261238,1.5921670198440552]}