{"shoulderLeft":[-0.3980329632759094,-0.12957648932933807,1.4993350505828857],"kneeRight":[-0.2602485120296478,-0.7315192222595215,1.7570511102676392],"handLeft":[-0.5496480464935303,-0.4133462905883789,1.225321888923645],"spineBase":[-0.28175029158592224,-0.3591621518135071,1.5307031869888306],"handRight":[-0.09132125973701477,0.07465658336877823,1.7405296564102173],"footLeft":[-0.4219051003456116,-0.5092988014221191,1.502506971359253],"neck":[-0.34493154287338257,-0.010567907243967056,1.5779187679290771],"spineMid":[-0.330056756734848,-0.3092641234397888,1.5548557043075562],"footRight":[-0.19089922308921814,-0.998299241065979,1.8780397176742554],"head":[-0.27025189995765686,0.15903152525424957,1.5721094608306885],"hipRight":[-0.24635037779808044,-0.41957974433898926,1.5646960735321045],"kneeLeft":[-0.6608116030693054,-0.3681919276714325,1.3079628944396973],"shoulderRight":[-0.2791827619075775,-0.028872592374682426,1.7554473876953125],"hipLeft":[-0.3004778325557709,-0.39430907368659973,1.4807137250900269],"elbowLeft":[-0.5003495812416077,-0.28376075625419617,1.4388916492462158],"elbowRight":[-0.10945706069469452,-0.17586566507816315,1.754428505897522]}