{"shoulderLeft":[-0.45791974663734436,-0.06467606872320175,1.5482147932052612],"kneeRight":[-0.1001029759645462,-0.6185905933380127,1.6576354503631592],"handLeft":[-0.6893229484558105,-0.10862299054861069,1.4181324243545532],"spineBase":[-0.27987024188041687,-0.3131985366344452,1.591384768486023],"handRight":[-0.28633901476860046,-0.31230688095092773,1.4169650077819824],"footLeft":[-0.37579768896102905,-0.9792468547821045,1.7994530200958252],"neck":[-0.29625022411346436,0.03415440768003464,1.5022480487823486],"spineMid":[-0.2829955220222473,-0.25710004568099976,1.5747493505477905],"footRight":[0.013848818838596344,-0.9806312322616577,1.6602689027786255],"head":[-0.2961820363998413,0.2008153796195984,1.431248664855957],"hipRight":[-0.20407173037528992,-0.3752116858959198,1.6025452613830566],"kneeLeft":[-0.35305148363113403,-0.6488587260246277,1.731636643409729],"shoulderRight":[-0.14919303357601166,-0.05639025196433067,1.5227417945861816],"hipLeft":[-0.3460792303085327,-0.38402751088142395,1.6065937280654907],"elbowLeft":[-0.49188104271888733,-0.22809961438179016,1.5766921043395996],"elbowRight":[-0.08811952918767929,-0.22100791335105896,1.5689767599105835]}