{"shoulderLeft":[-0.4507145285606384,0.29622817039489746,2.1608874797821045],"kneeRight":[-0.24688580632209778,-0.4813663959503174,2.3060638904571533],"handLeft":[-0.4812251031398773,-0.31749358773231506,2.1045291423797607],"spineBase":[-0.32189658284187317,0.04785844683647156,2.2893261909484863],"handRight":[0.0012218011543154716,-0.18246449530124664,2.1642932891845703],"footLeft":[-0.43792417645454407,-0.6326179504394531,2.577362537384033],"neck":[-0.31413379311561584,0.4084087312221527,2.1650795936584473],"spineMid":[-0.3206104338169098,0.10795562714338303,2.26619553565979],"footRight":[-0.11096113920211792,-0.9038258194923401,2.3660011291503906],"head":[-0.2972742021083832,0.5812576413154602,2.0909743309020996],"hipRight":[-0.2536892294883728,-0.01642501726746559,2.3366551399230957],"kneeLeft":[-0.39560651779174805,-0.3545713722705841,2.3441715240478516],"shoulderRight":[-0.16961894929409027,0.35242441296577454,2.281968116760254],"hipLeft":[-0.392752468585968,-0.017441831529140472,2.2824594974517822],"elbowLeft":[-0.49590542912483215,0.05759066343307495,2.164728879928589],"elbowRight":[-0.08327686041593552,0.10054553300142288,2.2976412773132324]}