{"shoulderLeft":[-0.37506940960884094,0.30831053853034973,1.661116123199463],"kneeRight":[-0.1756560504436493,-0.40676501393318176,1.5255045890808105],"handLeft":[-0.45250341296195984,0.09934419393539429,1.6325092315673828],"spineBase":[-0.30335932970046997,-0.0021069818176329136,1.5838165283203125],"handRight":[-0.15628649294376373,-0.19426710903644562,1.4272658824920654],"footLeft":[-0.282666951417923,-0.5996205806732178,1.5502263307571411],"neck":[-0.27949008345603943,0.3019331097602844,1.6663833856582642],"spineMid":[-0.28676074743270874,0.040773116052150726,1.6219233274459839],"footRight":[-0.1634368598461151,-0.623581051826477,1.4811843633651733],"head":[-0.2792147397994995,0.4129519462585449,1.7151782512664795],"hipRight":[-0.2846672236919403,-0.08206326514482498,1.5145106315612793],"kneeLeft":[-0.34420639276504517,-0.39005836844444275,1.5783326625823975],"shoulderRight":[-0.20899729430675507,0.1645549088716507,1.5360180139541626],"hipLeft":[-0.3524415194988251,-0.05950174480676651,1.6226118803024292],"elbowLeft":[-0.4710562229156494,0.3285157382488251,1.6498217582702637],"elbowRight":[-0.1529512107372284,0.004920086823403835,1.4682269096374512]}