{"shoulderLeft":[-0.4288233816623688,0.48617249727249146,2.470196008682251],"kneeRight":[-0.0823371484875679,-0.3356815278530121,2.8049392700195312],"handLeft":[-0.5111707448959351,-0.10695001482963562,2.6150054931640625],"spineBase":[-0.2487459033727646,0.1919071227312088,2.607086658477783],"handRight":[0.0023229001089930534,-0.06304430961608887,2.6484827995300293],"footLeft":[-0.4558262228965759,-0.7509067058563232,3.0691323280334473],"neck":[-0.2687395215034485,0.5758551955223083,2.4672915935516357],"spineMid":[-0.25208452343940735,0.25597548484802246,2.5812370777130127],"footRight":[0.03843366727232933,-0.7897406816482544,2.901458978652954],"head":[-0.24975521862506866,0.7354835867881775,2.3248798847198486],"hipRight":[-0.17051729559898376,0.12322414666414261,2.6530189514160156],"kneeLeft":[-0.36812347173690796,-0.2983913719654083,2.823429584503174],"shoulderRight":[-0.09872966259717941,0.512493908405304,2.560826301574707],"hipLeft":[-0.31907162070274353,0.11228176206350327,2.610105514526367],"elbowLeft":[-0.5140767693519592,0.246117502450943,2.570922374725342],"elbowRight":[-0.03648238256573677,0.25581976771354675,2.6826188564300537]}