{"shoulderLeft":[0.06209252402186394,0.24010935425758362,1.7643436193466187],"kneeRight":[0.3021170198917389,-0.483284056186676,1.8751821517944336],"handLeft":[-0.05079108476638794,-0.3224862515926361,1.8536176681518555],"spineBase":[0.21792788803577423,-0.03091270476579666,1.7824175357818604],"handRight":[0.4179130792617798,-0.2973226010799408,1.788254737854004],"footLeft":[0.13138261437416077,-0.8656831979751587,2.0687129497528076],"neck":[0.20605915784835815,0.313472181558609,1.6673502922058105],"spineMid":[0.2160235494375229,0.02646549418568611,1.7609297037124634],"footRight":[0.24539044499397278,-0.8037317991256714,1.9201829433441162],"head":[0.18826808035373688,0.48029017448425293,1.581782579421997],"hipRight":[0.2840811014175415,-0.09650634974241257,1.7885019779205322],"kneeLeft":[0.13739550113677979,-0.5232582092285156,2.001882791519165],"shoulderRight":[0.36126500368118286,0.2303565889596939,1.6998353004455566],"hipLeft":[0.15462926030158997,-0.09494294971227646,1.8154605627059937],"elbowLeft":[0.013800653629004955,-0.011462943628430367,1.8457974195480347],"elbowRight":[0.41300418972969055,-0.007963748648762703,1.777387261390686]}