{"shoulderLeft":[-0.5424502491950989,-0.07081586122512817,1.4623326063156128],"kneeRight":[-0.0951496958732605,-0.044896200299263,0.36066991090774536],"handLeft":[-0.4476287364959717,-0.17653219401836395,1.4472920894622803],"spineBase":[0.0,0.0,0.0],"handRight":[-0.4904591739177704,-0.11556427925825119,1.3017891645431519],"footLeft":[-0.20473796129226685,0.11361981183290482,0.3540777266025543],"neck":[0.0,0.0,0.0],"spineMid":[0.0,0.0,0.0],"footRight":[-0.1391693651676178,-0.050635430961847305,0.17681503295898438],"head":[-0.09641073644161224,-0.004197015427052975,0.3593052327632904],"hipRight":[0.0,0.0,0.0],"kneeLeft":[-0.092328742146492,-0.05358376353979111,0.3604527711868286],"shoulderRight":[-0.4840715825557709,-0.05328015983104706,1.4440604448318481],"hipLeft":[0.0,0.0,0.0],"elbowLeft":[-0.39040109515190125,-0.02277442440390587,1.4738643169403076],"elbowRight":[-0.4684571325778961,-0.1590958684682846,1.5107778310775757]}