{"shoulderLeft":[0.12300150096416473,0.1270906776189804,3.471309185028076],"kneeRight":[0.38687965273857117,-0.6090306043624878,3.286890745162964],"handLeft":[0.08853007107973099,0.0752023383975029,3.4677813053131104],"spineBase":[0.34046414494514465,-0.20735034346580505,3.3591721057891846],"handRight":[0.4972739517688751,-0.49491065740585327,3.143510341644287],"footLeft":[0.12254078686237335,-1.039673089981079,3.2167983055114746],"neck":[0.30679193139076233,0.21162348985671997,3.412306547164917],"spineMid":[0.3593124747276306,-0.1422279328107834,3.4056437015533447],"footRight":[0.4434703588485718,-0.925032913684845,3.335524082183838],"head":[0.2795554995536804,0.37055888772010803,3.5024404525756836],"hipRight":[0.4013572633266449,-0.25416097044944763,3.3256771564483643],"kneeLeft":[0.27118685841560364,-0.6800439357757568,3.2462317943573],"shoulderRight":[0.38887983560562134,0.09525777399539948,3.31622314453125],"hipLeft":[0.2760559916496277,-0.2961527705192566,3.3621339797973633],"elbowLeft":[0.2977200746536255,0.2834496796131134,3.3827903270721436],"elbowRight":[0.2557048499584198,-0.03804105147719383,3.215459108352661]}