{"shoulderLeft":[-0.5517247319221497,-0.0503869391977787,1.1679919958114624],"kneeRight":[-0.217641681432724,-0.13041113317012787,0.9213070869445801],"handLeft":[-0.43396109342575073,0.16057273745536804,0.9602810740470886],"spineBase":[-0.19096583127975464,-0.1409415602684021,1.1283388137817383],"handRight":[-0.25563332438468933,-0.21260380744934082,1.1283550262451172],"footLeft":[-0.4111664295196533,-0.456968754529953,1.1349228620529175],"neck":[-0.30387693643569946,-0.08082965761423111,1.1261038780212402],"spineMid":[-0.20822009444236755,-0.1309094876050949,1.129832148551941],"footRight":[-0.0684991180896759,-0.3663896322250366,0.7724155187606812],"head":[-0.2513597011566162,0.09500279277563095,1.0325140953063965],"hipRight":[-0.009999921545386314,-0.1957162469625473,1.1073158979415894],"kneeLeft":[-0.3686600625514984,-0.36080634593963623,1.2482725381851196],"shoulderRight":[0.012020658701658249,-0.05005785450339317,1.0254955291748047],"hipLeft":[-0.17057843506336212,-0.23352497816085815,1.1132193803787231],"elbowLeft":[-0.40737059712409973,-0.14162258803844452,1.0967035293579102],"elbowRight":[-0.17572170495986938,-0.058720823377370834,1.132491946220398]}