{"shoulderLeft":[-0.2980789542198181,-0.0925496518611908,1.3405189514160156],"kneeRight":[0.0887322723865509,-0.7241082191467285,1.5233066082000732],"handLeft":[-0.09881435334682465,-0.24021664261817932,1.0309739112854004],"spineBase":[-0.14879725873470306,-0.36964261531829834,1.3860501050949097],"handRight":[-0.19527064263820648,-0.22417829930782318,1.086332082748413],"footLeft":[-0.5062153935432434,-0.984817624092102,1.631901502609253],"neck":[-0.1394987404346466,-0.010701654478907585,1.2904627323150635],"spineMid":[-0.14724750816822052,-0.3098191022872925,1.3677281141281128],"footRight":[0.20512224733829498,-0.9995756149291992,1.5551564693450928],"head":[-0.16008493304252625,0.14902210235595703,1.2032583951950073],"hipRight":[-0.08557222783565521,-0.43549126386642456,1.389297366142273],"kneeLeft":[-0.371476948261261,-0.714311957359314,1.577062726020813],"shoulderRight":[-0.009685377590358257,-0.09981090575456619,1.273329496383667],"hipLeft":[-0.21534933149814606,-0.43222367763519287,1.4128049612045288],"elbowLeft":[-0.2514759600162506,-0.2030864655971527,1.1826703548431396],"elbowRight":[-0.0025778512936085463,-0.27830949425697327,1.2496434450149536]}