{"shoulderLeft":[-0.27583789825439453,0.06424057483673096,1.710203766822815],"kneeRight":[-0.016166193410754204,-0.5390365123748779,1.7635852098464966],"handLeft":[-0.3388255834579468,-0.22465822100639343,1.6038687229156494],"spineBase":[-0.12169336527585983,-0.17745958268642426,1.7027612924575806],"handRight":[-0.032745640724897385,-0.2454080730676651,1.5057955980300903],"footLeft":[-0.202473446726799,-0.7152243256568909,2.1150691509246826],"neck":[-0.13634422421455383,0.13883499801158905,1.5878640413284302],"spineMid":[-0.12413517385721207,-0.12474381923675537,1.681409239768982],"footRight":[-0.04489041864871979,-0.9390547871589661,1.7633739709854126],"head":[-0.2079181969165802,0.30388516187667847,1.4906214475631714],"hipRight":[-0.056106843054294586,-0.24261847138404846,1.6995617151260376],"kneeLeft":[-0.1772572100162506,-0.5491195917129517,1.9790390729904175],"shoulderRight":[0.00253878952935338,0.057868048548698425,1.588655710220337],"hipLeft":[-0.1813763678073883,-0.23975083231925964,1.7479015588760376],"elbowLeft":[-0.33470749855041504,-0.10956129431724548,1.8627878427505493],"elbowRight":[0.10893494635820389,-0.12518282234668732,1.6571732759475708]}