{"shoulderLeft":[0.78038489818573,-0.41852328181266785,1.5702636241912842],"kneeRight":[0.7702581286430359,-0.7081276774406433,1.570365309715271],"handLeft":[0.8072824478149414,-0.282543420791626,1.5090452432632446],"spineBase":[0.7685201168060303,-0.45387741923332214,1.462000846862793],"handRight":[0.8222259879112244,-0.14667966961860657,1.5443439483642578],"footLeft":[0.6548253297805786,-0.779403030872345,1.6852339506149292],"neck":[0.0,0.0,0.0],"spineMid":[0.7684912085533142,-0.4474031925201416,1.4643384218215942],"footRight":[0.755219042301178,-0.8417036533355713,1.6872614622116089],"head":[0.13818611204624176,-0.07006655633449554,0.35316896438598633],"hipRight":[0.7480571866035461,-0.4857451319694519,1.4477148056030273],"kneeLeft":[0.7219117283821106,-0.6836485862731934,1.6609326601028442],"shoulderRight":[0.7697243094444275,-0.5957176685333252,1.5636017322540283],"hipLeft":[0.7911944389343262,-0.4306657314300537,1.483106255531311],"elbowLeft":[0.79116290807724,-0.543228805065155,1.4553585052490234],"elbowRight":[0.774596095085144,-0.459821879863739,1.466181993484497]}