{"shoulderLeft":[-0.007206845097243786,0.024753468111157417,1.4423906803131104],"kneeRight":[0.2054159939289093,-0.6721689701080322,1.7782748937606812],"handLeft":[-0.01990237832069397,-0.28315696120262146,1.2675126791000366],"spineBase":[0.14269599318504333,-0.2379128485918045,1.5291132926940918],"handRight":[0.4401491582393646,-0.501610517501831,1.7366143465042114],"footLeft":[-0.07803881168365479,-0.9677638411521912,1.8139691352844238],"neck":[0.14150060713291168,0.08726488798856735,1.4243496656417847],"spineMid":[0.14170977473258972,-0.18384650349617004,1.5096319913864136],"footRight":[0.2040669173002243,-0.9865456819534302,1.856486439704895],"head":[0.1993807703256607,0.27222633361816406,1.340654730796814],"hipRight":[0.2180081456899643,-0.3142281770706177,1.559485673904419],"kneeLeft":[-0.011824368499219418,-0.5957773923873901,1.7111209630966187],"shoulderRight":[0.32124465703964233,0.002528168959543109,1.5022985935211182],"hipLeft":[0.07047081738710403,-0.30427446961402893,1.5386388301849365],"elbowLeft":[-0.12027615308761597,-0.15109968185424805,1.5044491291046143],"elbowRight":[0.3897392153739929,-0.2168962061405182,1.6624834537506104]}