{"shoulderLeft":[-0.33753255009651184,0.13520929217338562,1.212828516960144],"kneeRight":[-0.032946422696113586,-0.48393064737319946,1.3270072937011719],"handLeft":[0.10134965181350708,0.02260001003742218,0.9031546115875244],"spineBase":[-0.23600247502326965,-0.14499513804912567,1.2715599536895752],"handRight":[0.2626194953918457,-0.021283814683556557,1.2458217144012451],"footLeft":[-0.6318075656890869,-0.7955123782157898,1.2349095344543457],"neck":[-0.30631956458091736,0.24720825254917145,1.3222870826721191],"spineMid":[-0.27007246017456055,-0.08656422048807144,1.2966479063034058],"footRight":[0.2139858901500702,-0.8458228707313538,1.279289722442627],"head":[-0.28378456830978394,0.40776678919792175,1.3587199449539185],"hipRight":[-0.18570585548877716,-0.22528643906116486,1.3164780139923096],"kneeLeft":[-0.44572895765304565,-0.45105594396591187,1.2482513189315796],"shoulderRight":[-0.13186684250831604,0.12903237342834473,1.4520885944366455],"hipLeft":[-0.2606821060180664,-0.20964448153972626,1.2014495134353638],"elbowLeft":[-0.24142853915691376,8.520088158547878E-4,1.0526565313339233],"elbowRight":[0.027567066252231598,-0.06430802494287491,1.4616857767105103]}