{"shoulderLeft":[-0.5681900382041931,-0.4405505061149597,1.0895675420761108],"kneeRight":[-0.1985931396484375,-0.11877261102199554,0.43213170766830444],"handLeft":[-0.5818427801132202,-0.43398237228393555,1.0957214832305908],"spineBase":[0.0,0.0,0.0],"handRight":[-0.8395239114761353,-0.3689963221549988,0.7950200438499451],"footLeft":[-0.1456819325685501,-0.1167641282081604,0.3913298547267914],"neck":[0.0,0.0,0.0],"spineMid":[0.0,0.0,0.0],"footRight":[-0.1707577407360077,-0.2934775650501251,0.6386439800262451],"head":[-0.14342062175273895,-0.07218954712152481,0.34970834851264954],"hipRight":[0.0,0.0,0.0],"kneeLeft":[0.0,0.0,0.0],"shoulderRight":[-0.4851365387439728,-0.3713347017765045,1.1607377529144287],"hipLeft":[0.0,0.0,0.0],"elbowLeft":[-0.4885772168636322,-0.4071424901485443,0.8851470351219177],"elbowRight":[-0.6308342814445496,-0.37283700704574585,0.9846724271774292]}