{"shoulderLeft":[-0.4611186683177948,-0.3071826696395874,1.0565285682678223],"kneeRight":[-0.2200377881526947,-0.7718375325202942,1.0655429363250732],"handLeft":[-0.40048739314079285,-0.07060492038726807,0.8538188338279724],"spineBase":[-0.32635146379470825,-0.4093366265296936,1.036704421043396],"handRight":[-0.5730913877487183,-0.4224095940589905,1.0191785097122192],"footLeft":[-0.18356937170028687,-0.44134482741355896,1.190148949623108],"neck":[-0.31591159105300903,-0.28202009201049805,0.9893689155578613],"spineMid":[-0.33239036798477173,-0.3823176920413971,1.0278884172439575],"footRight":[-0.10724689066410065,-1.0947058200836182,0.9744158387184143],"head":[-0.2969604730606079,-0.14441953599452972,0.9335169196128845],"hipRight":[-0.2823903560638428,-0.4533644914627075,1.1308704614639282],"kneeLeft":[-0.3793622553348541,-0.44611260294914246,1.3113831281661987],"shoulderRight":[-0.35207971930503845,-0.2911088466644287,1.2446279525756836],"hipLeft":[-0.37367433309555054,-0.48736336827278137,0.973702609539032],"elbowLeft":[-0.3641080856323242,-0.32899701595306396,0.8550482392311096],"elbowRight":[-0.34640946984291077,-0.34949830174446106,0.9838292598724365]}