{"shoulderLeft":[-0.4932025372982025,0.23454785346984863,1.7999775409698486],"kneeRight":[-0.13912175595760345,-0.5420315861701965,1.7303932905197144],"handLeft":[-0.5136470794677734,-0.3104827404022217,1.6418919563293457],"spineBase":[-0.27797698974609375,-0.05514102056622505,1.7435098886489868],"handRight":[-0.013766389340162277,-0.31906214356422424,1.681949257850647],"footLeft":[-0.338167279958725,-0.9336286783218384,1.6908692121505737],"neck":[-0.31856679916381836,0.3547312319278717,1.8304901123046875],"spineMid":[-0.28905999660491943,0.001180172199383378,1.802274465560913],"footRight":[-0.11423882842063904,-0.9290681481361389,1.6547123193740845],"head":[-0.296406090259552,0.540468156337738,1.832552433013916],"hipRight":[-0.1859341859817505,-0.13299673795700073,1.7390590906143188],"kneeLeft":[-0.34910672903060913,-0.5636336207389832,1.7607942819595337],"shoulderRight":[-0.12122125178575516,0.25006261467933655,1.8411076068878174],"hipLeft":[-0.3531721830368042,-0.14259304106235504,1.7090412378311157],"elbowLeft":[-0.5827276110649109,0.010290288366377354,1.7947860956192017],"elbowRight":[-0.0369686521589756,-0.01586524024605751,1.82970130443573]}