{"shoulderLeft":[-0.44584521651268005,0.03080890327692032,1.4445953369140625],"kneeRight":[-0.09794531762599945,-0.5755195617675781,1.6771498918533325],"handLeft":[-0.4059143662452698,-0.508998692035675,1.4079581499099731],"spineBase":[-0.26871657371520996,-0.18865790963172913,1.5145509243011475],"handRight":[0.1380273699760437,-0.18322749435901642,1.2505459785461426],"footLeft":[-0.24933107197284698,-0.9609829187393188,1.695170283317566],"neck":[-0.2951545715332031,0.12540973722934723,1.4094761610031128],"spineMid":[-0.27358415722846985,-0.1361890584230423,1.4953587055206299],"footRight":[-0.003083423711359501,-0.9270191192626953,1.7219942808151245],"head":[-0.2951894700527191,0.29753464460372925,1.2826650142669678],"hipRight":[-0.19722916185855865,-0.2505742013454437,1.5431855916976929],"kneeLeft":[-0.29074668884277344,-0.5850951671600342,1.6384800672531128],"shoulderRight":[-0.14506812393665314,0.07775826007127762,1.4578160047531128],"hipLeft":[-0.32804015278816223,-0.2580033838748932,1.5230965614318848],"elbowLeft":[-0.4688801169395447,-0.20412343740463257,1.4807021617889404],"elbowRight":[-0.05666005238890648,-0.12875233590602875,1.5212198495864868]}