{"shoulderLeft":[-0.3079583942890167,-0.26966261863708496,1.2735830545425415],"kneeRight":[-0.18320000171661377,-0.10986628383398056,0.8807679414749146],"handLeft":[-0.29715630412101746,0.0811338722705841,1.4184695482254028],"spineBase":[-0.22726380825042725,-0.0871661826968193,1.2611770629882812],"handRight":[-0.4853806793689728,0.20645226538181305,1.429627537727356],"footLeft":[0.3663884401321411,-0.7347686290740967,1.237333059310913],"neck":[-0.18268337845802307,-0.14377960562705994,1.2021458148956299],"spineMid":[-0.23199981451034546,-0.08074000477790833,1.227203369140625],"footRight":[-0.2722945511341095,-0.2626100778579712,1.2540397644042969],"head":[-0.29999202489852905,4.908684641122818E-4,1.3483887910842896],"hipRight":[-0.025530032813549042,-0.2361329197883606,1.1858608722686768],"kneeLeft":[0.12827429175376892,-0.4679153561592102,1.0275721549987793],"shoulderRight":[-0.1555396318435669,-0.17762139439582825,1.2376255989074707],"hipLeft":[-0.1346389353275299,-0.24075353145599365,0.934715211391449],"elbowLeft":[-0.42055147886276245,-0.04873735085129738,1.4186267852783203],"elbowRight":[-0.32628464698791504,-0.007628303021192551,1.4048995971679688]}