{"shoulderLeft":[0.19129952788352966,0.2205580621957779,1.3624647855758667],"kneeRight":[0.2471432387828827,-0.28233271837234497,1.3197274208068848],"handLeft":[0.1771264672279358,-0.25643065571784973,1.3728272914886475],"spineBase":[0.3214271068572998,0.03173425421118736,1.3293781280517578],"handRight":[0.512665331363678,-0.18416695296764374,1.1332383155822754],"footLeft":[0.20127224922180176,-0.3779900372028351,1.349064826965332],"neck":[0.342009037733078,0.29641708731651306,1.3220627307891846],"spineMid":[0.32538509368896484,0.07564303278923035,1.3278270959854126],"footRight":[0.18049192428588867,-0.3687959313392639,1.3915231227874756],"head":[0.2965724766254425,0.43942874670028687,1.3276219367980957],"hipRight":[0.3767232298851013,-0.035407960414886475,1.2917289733886719],"kneeLeft":[0.1749066561460495,-0.211516335606575,1.5398156642913818],"shoulderRight":[0.4502919018268585,0.18657031655311584,1.2755690813064575],"hipLeft":[0.25283047556877136,-0.027390234172344208,1.3669980764389038],"elbowLeft":[0.18470659852027893,0.004259748384356499,1.416476845741272],"elbowRight":[0.5402380228042603,0.011558027006685734,1.2213046550750732]}