{"shoulderLeft":[-0.3045937120914459,-0.07638940960168839,1.3888282775878906],"kneeRight":[0.06074567884206772,-0.6728153824806213,1.5792336463928223],"handLeft":[-0.3098522424697876,-0.5173925757408142,1.4586552381515503],"spineBase":[-0.15632112324237823,-0.3288359045982361,1.4333226680755615],"handRight":[0.04826018959283829,-0.275420606136322,1.1011050939559937],"footLeft":[-0.3688071370124817,-1.015395164489746,1.5768669843673706],"neck":[-0.14499114453792572,0.016473665833473206,1.3575879335403442],"spineMid":[-0.15432259440422058,-0.27093324065208435,1.4182777404785156],"footRight":[0.1713663935661316,-0.9549249410629272,1.610451579093933],"head":[-0.1665658950805664,0.18542766571044922,1.290446162223816],"hipRight":[-0.09531088918447495,-0.39790675044059753,1.4411540031433105],"kneeLeft":[-0.2989998757839203,-0.7047277688980103,1.5604782104492188],"shoulderRight":[-0.006611453369259834,-0.06619399785995483,1.3582838773727417],"hipLeft":[-0.22406624257564545,-0.39490318298339844,1.4513027667999268],"elbowLeft":[-0.3241197168827057,-0.28839999437332153,1.4404252767562866],"elbowRight":[0.035707250237464905,-0.26890668272972107,1.3683236837387085]}