{"shoulderLeft":[0.04858609288930893,-0.15329492092132568,1.5989466905593872],"kneeRight":[0.15605732798576355,-0.47583428025245667,1.5374484062194824],"handLeft":[-0.04294349253177643,-0.43633782863616943,1.8839137554168701],"spineBase":[0.14628395438194275,-0.17989471554756165,1.5742149353027344],"handRight":[0.1092929095029831,-0.23362110555171967,1.4508265256881714],"footLeft":[-0.16303110122680664,-0.6267769932746887,1.6726758480072021],"neck":[0.13896149396896362,-0.04215289652347565,1.6199623346328735],"spineMid":[0.1595669388771057,-0.16435514390468597,1.6031559705734253],"footRight":[0.30717238783836365,-0.3959730863571167,1.5830360651016235],"head":[0.09136347472667694,0.11789456754922867,1.65818452835083],"hipRight":[0.1871676743030548,-0.22764664888381958,1.492878794670105],"kneeLeft":[0.08616448938846588,-0.5488318800926208,1.665164589881897],"shoulderRight":[0.23211880028247833,-0.012318849563598633,1.5438313484191895],"hipLeft":[0.11441699415445328,-0.26775816082954407,1.605435848236084],"elbowLeft":[0.0025745390448719263,-0.3047751188278198,1.776094913482666],"elbowRight":[0.33600616455078125,-0.15021364390850067,1.4478811025619507]}