{"shoulderLeft":[0.12866783142089844,0.12142233550548553,3.1750667095184326],"kneeRight":[0.15578296780586243,-0.6907919645309448,3.068742513656616],"handLeft":[-0.03768077492713928,-0.2549566328525543,3.216315269470215],"spineBase":[0.07734296470880508,-0.23051050305366516,3.2234537601470947],"handRight":[0.25607210397720337,-0.11982643604278564,3.178040027618408],"footLeft":[0.10211560130119324,-1.1998448371887207,3.2397053241729736],"neck":[0.07380522787570953,0.22716648876667023,3.312690496444702],"spineMid":[0.07675334066152573,-0.154230996966362,3.235515594482422],"footRight":[0.3422343134880066,-0.9753398895263672,3.0439395904541016],"head":[0.017460741102695465,0.42090272903442383,3.3527872562408447],"hipRight":[0.08545718342065811,-0.27146115899086,3.1730408668518066],"kneeLeft":[-0.00936848483979702,-0.79231858253479,3.3111088275909424],"shoulderRight":[0.16332557797431946,0.12123947590589523,3.2183282375335693],"hipLeft":[0.06986119598150253,-0.27137884497642517,3.2554469108581543],"elbowLeft":[0.047362182289361954,-0.04011664539575577,3.0381340980529785],"elbowRight":[0.07117318361997604,-0.018870286643505096,3.042893171310425]}