{"shoulderLeft":[-0.01613532565534115,0.2246295064687729,1.7197413444519043],"kneeRight":[0.22643299400806427,-0.4778229594230652,1.798935055732727],"handLeft":[-0.08894408494234085,-0.3364437222480774,1.8294191360473633],"spineBase":[0.11925187706947327,-0.05239337310194969,1.7183343172073364],"handRight":[0.2894206643104553,-0.42493942379951477,1.6578868627548218],"footLeft":[0.07994485646486282,-0.8774799108505249,2.110504150390625],"neck":[0.11501838266849518,0.2798556387424469,1.5987558364868164],"spineMid":[0.11891216784715652,0.0032587856985628605,1.6959530115127563],"footRight":[0.21238364279270172,-0.7860032916069031,1.8160969018936157],"head":[0.07660767436027527,0.44686970114707947,1.5122992992401123],"hipRight":[0.1796463131904602,-0.11503022164106369,1.7199188470840454],"kneeLeft":[0.09171533584594727,-0.5279438495635986,1.933911681175232],"shoulderRight":[0.25387248396873474,0.19633939862251282,1.6167436838150024],"hipLeft":[0.05869218707084656,-0.11075865477323532,1.755576491355896],"elbowLeft":[-0.03894760087132454,0.029978150501847267,1.7895253896713257],"elbowRight":[0.32271113991737366,-0.04315478354692459,1.6749742031097412]}