{"shoulderLeft":[-0.3919697105884552,-0.09657115489244461,1.337662935256958],"kneeRight":[-0.3457774519920349,-0.6303838491439819,1.3988839387893677],"handLeft":[-0.6064015626907349,-0.12390228360891342,1.3379243612289429],"spineBase":[-0.32224059104919434,-0.27984511852264404,1.349392056465149],"handRight":[-0.4105711579322815,-0.23229727149009705,1.121329665184021],"footLeft":[-0.013838511891663074,-0.677081823348999,0.9958128333091736],"neck":[-0.252266526222229,-0.0012262393720448017,1.2832789421081543],"spineMid":[-0.3101750910282135,-0.22938941419124603,1.3539080619812012],"footRight":[-0.442999005317688,-0.956540584564209,1.4244606494903564],"head":[-0.26144155859947205,0.15306875109672546,1.222327709197998],"hipRight":[-0.26093244552612305,-0.33523571491241455,1.3383498191833496],"kneeLeft":[-0.18867936730384827,-0.47914522886276245,1.2226552963256836],"shoulderRight":[-0.16147300601005554,-0.04828476533293724,1.262673258781433],"hipLeft":[-0.4008195698261261,-0.3275209069252014,1.3730366230010986],"elbowLeft":[-0.4247067868709564,-0.17987005412578583,1.4656691551208496],"elbowRight":[-0.2261139154434204,-0.2608027458190918,1.261358618736267]}