{"shoulderLeft":[0.1529175490140915,0.11543140560388565,1.5450596809387207],"kneeRight":[0.049284398555755615,-0.45539426803588867,1.4931697845458984],"handLeft":[0.2238602489233017,-0.239053413271904,1.418656349182129],"spineBase":[0.21217039227485657,-0.22505693137645721,1.631646990776062],"handRight":[0.12253320217132568,-0.3292873501777649,1.4523656368255615],"footLeft":[0.07671746611595154,-0.5498118996620178,1.3104935884475708],"neck":[0.1858208179473877,0.2110317349433899,1.6854233741760254],"spineMid":[0.20730392634868622,-0.15709246695041656,1.6714168787002563],"footRight":[0.23101668059825897,-0.6129011511802673,1.2754276990890503],"head":[0.07366056740283966,0.35236746072769165,1.7294647693634033],"hipRight":[0.23498845100402832,-0.26045408844947815,1.6104273796081543],"kneeLeft":[0.21207618713378906,-0.4457293748855591,1.5614460706710815],"shoulderRight":[0.24683327972888947,0.08220131695270538,1.5416216850280762],"hipLeft":[0.19272637367248535,-0.24550053477287292,1.644840955734253],"elbowLeft":[0.21256770193576813,-0.054380230605602264,1.4681775569915771],"elbowRight":[0.22038689255714417,-0.0939999669790268,1.4595171213150024]}