{"shoulderLeft":[-0.223524808883667,0.1309899538755417,1.4031591415405273],"kneeRight":[0.04193269833922386,-0.5443326830863953,1.5459809303283691],"handLeft":[-0.21710744500160217,0.12641654908657074,0.8864579796791077],"spineBase":[-0.06244254484772682,-0.1793205440044403,1.4383662939071655],"handRight":[0.13799352943897247,-0.06337635219097137,0.891921877861023],"footLeft":[-0.17922675609588623,-1.0014110803604126,1.5849965810775757],"neck":[-0.06407202780246735,0.18613700568675995,1.3910715579986572],"spineMid":[-0.06325917690992355,-0.11904070526361465,1.4274346828460693],"footRight":[0.06223725900053978,-0.9840204119682312,1.6100555658340454],"head":[-0.08871711790561676,0.357090026140213,1.2741175889968872],"hipRight":[0.01806868053972721,-0.25328129529953003,1.4403584003448486],"kneeLeft":[-0.15223221480846405,-0.5519917011260986,1.5424424409866333],"shoulderRight":[0.09046300500631332,0.1020580604672432,1.3792389631271362],"hipLeft":[-0.14094416797161102,-0.2533565163612366,1.4534614086151123],"elbowLeft":[-0.3583081066608429,0.09022793173789978,1.2014561891555786],"elbowRight":[0.25159403681755066,-0.010408692061901093,1.3023724555969238]}