{"shoulderLeft":[0.0,0.0,0.0],"kneeRight":[-0.16908308863639832,-0.0549851730465889,0.37850821018218994],"handLeft":[-0.19293034076690674,-0.13322192430496216,0.41791993379592896],"spineBase":[0.0,0.0,0.0],"handRight":[-0.22848078608512878,-0.16087478399276733,0.43451473116874695],"footLeft":[-0.15629538893699646,-0.10759809613227844,0.33046263456344604],"neck":[0.0,0.0,0.0],"spineMid":[0.0,0.0,0.0],"footRight":[-0.3122521936893463,-0.05441691726446152,0.3183693289756775],"head":[-0.11787586659193039,-0.010201559402048588,0.2924041748046875],"hipRight":[0.0,0.0,0.0],"kneeLeft":[0.0,0.0,0.0],"shoulderRight":[0.0,0.0,0.0],"hipLeft":[0.0,0.0,0.0],"elbowLeft":[-0.09765486419200897,-0.05154947191476822,0.21674977242946625],"elbowRight":[-0.1229371726512909,-0.05843731015920639,0.24811534583568573]}