{"shoulderLeft":[-0.4726700782775879,0.39314213395118713,2.238725423812866],"kneeRight":[-0.24557428061962128,-0.36754098534584045,2.618499755859375],"handLeft":[-0.5758423805236816,-0.027528056874871254,2.502807855606079],"spineBase":[-0.32498735189437866,0.13772407174110413,2.4288854598999023],"handRight":[-0.06128324568271637,-0.08581174910068512,2.5549471378326416],"footLeft":[-0.4684717059135437,-0.6589149236679077,2.6797773838043213],"neck":[-0.3431885242462158,0.5094252228736877,2.272292137145996],"spineMid":[-0.3283792734146118,0.19957639276981354,2.400514841079712],"footRight":[-0.20299524068832397,-0.8403090238571167,2.75905704498291],"head":[-0.2994726300239563,0.6722610592842102,2.1843533515930176],"hipRight":[-0.26435476541519165,0.08471040427684784,2.4811630249023438],"kneeLeft":[-0.36715781688690186,-0.3429146409034729,2.488495111465454],"shoulderRight":[-0.21952803432941437,0.4574076235294342,2.425036907196045],"hipLeft":[-0.37978753447532654,0.07235997170209885,2.423553705215454],"elbowLeft":[-0.535962700843811,0.18456226587295532,2.3126590251922607],"elbowRight":[-0.17333225905895233,0.21098971366882324,2.540477752685547]}