{"shoulderLeft":[-0.09974679350852966,0.11447816342115402,1.651711106300354],"kneeRight":[0.15468889474868774,-0.5643337965011597,1.8803739547729492],"handLeft":[-0.23145702481269836,-0.12793442606925964,1.484218716621399],"spineBase":[0.05615483969449997,-0.15324826538562775,1.6954905986785889],"handRight":[0.33212563395500183,-0.13265226781368256,1.472504734992981],"footLeft":[-0.044773686677217484,-0.8612539172172546,1.9841657876968384],"neck":[0.05894763395190239,0.17474345862865448,1.6219202280044556],"spineMid":[0.05669768899679184,-0.0988539457321167,1.6808003187179565],"footRight":[0.16478610038757324,-0.8312156200408936,1.9338868856430054],"head":[0.07835812121629715,0.3562968671321869,1.5193612575531006],"hipRight":[0.12970517575740814,-0.2252102792263031,1.7157577276229858],"kneeLeft":[-0.04182590916752815,-0.5342051982879639,1.8744475841522217],"shoulderRight":[0.22944752871990204,0.10550995916128159,1.6661310195922852],"hipLeft":[-0.018565785139799118,-0.2246324121952057,1.7084096670150757],"elbowLeft":[-0.18293796479701996,-0.06231008842587471,1.730372428894043],"elbowRight":[0.2784470021724701,-0.10034678876399994,1.7411754131317139]}