{"shoulderLeft":[-0.5718283653259277,-0.28601711988449097,1.0844444036483765],"kneeRight":[0.0,0.0,0.0],"handLeft":[-0.5442348122596741,-0.14549003541469574,1.0987639427185059],"spineBase":[0.0,0.0,0.0],"handRight":[-0.17432773113250732,-0.0781395211815834,0.3458031415939331],"footLeft":[-0.10658834874629974,-0.01754501834511757,0.2577754259109497],"neck":[0.0,0.0,0.0],"spineMid":[0.0,0.0,0.0],"footRight":[-0.1210838332772255,-0.032734356820583344,0.24721801280975342],"head":[-0.11546163260936737,-0.06426478177309036,0.2765575051307678],"hipRight":[0.0,0.0,0.0],"kneeLeft":[0.0,0.0,0.0],"shoulderRight":[0.0,0.0,0.0],"hipLeft":[0.0,0.0,0.0],"elbowLeft":[-0.5592429041862488,-0.3071877658367157,1.1722768545150757],"elbowRight":[-0.10698234289884567,-0.030882954597473145,0.21941155195236206]}