{"shoulderLeft":[-0.11142943054437637,0.12674613296985626,1.465405821800232],"kneeRight":[0.13756568729877472,-0.5655263662338257,1.6907237768173218],"handLeft":[-0.1982683539390564,0.1464604288339615,1.12198007106781],"spineBase":[0.033031854778528214,-0.16750749945640564,1.5631136894226074],"handRight":[0.2430998831987381,-0.40627825260162354,1.5392640829086304],"footLeft":[-0.06027870625257492,-0.9450670480728149,1.7784799337387085],"neck":[0.01586967147886753,0.20996405184268951,1.4489299058914185],"spineMid":[0.03010478988289833,-0.10449349135160446,1.5411460399627686],"footRight":[0.18444952368736267,-0.9626507759094238,1.7213295698165894],"head":[0.017441224306821823,0.3844722807407379,1.359808325767517],"hipRight":[0.10167069733142853,-0.2285049855709076,1.587784767150879],"kneeLeft":[-0.05342913791537285,-0.5927267670631409,1.72962486743927],"shoulderRight":[0.17230252921581268,0.13676895201206207,1.5111095905303955],"hipLeft":[-0.031860485672950745,-0.23589178919792175,1.5748623609542847],"elbowLeft":[-0.1566939502954483,-0.05728643015027046,1.2625316381454468],"elbowRight":[0.23182004690170288,-0.11474881321191788,1.6056571006774902]}