{"shoulderLeft":[-0.4682936370372772,0.3937969505786896,2.236994981765747],"kneeRight":[-0.11630582064390182,-0.4592292308807373,2.5084564685821533],"handLeft":[-0.43614834547042847,-0.1911020427942276,2.185298204421997],"spineBase":[-0.2754875123500824,0.1114143580198288,2.3503637313842773],"handRight":[0.00667049502953887,-0.16807614266872406,2.386070489883423],"footLeft":[-0.36710211634635925,-0.8526855111122131,2.7770392894744873],"neck":[-0.2994553744792938,0.5016334056854248,2.237311601638794],"spineMid":[-0.27954205870628357,0.17651274800300598,2.328991174697876],"footRight":[0.060143500566482544,-0.9423114061355591,2.462090015411377],"head":[-0.29305675625801086,0.6772486567497253,2.12637996673584],"hipRight":[-0.1963782012462616,0.037445902824401855,2.3850951194763184],"kneeLeft":[-0.36611151695251465,-0.4065437614917755,2.5921783447265625],"shoulderRight":[-0.12776990234851837,0.4288298189640045,2.319056749343872],"hipLeft":[-0.34516382217407227,0.03550488129258156,2.3537702560424805],"elbowLeft":[-0.5137467384338379,0.14446398615837097,2.271066665649414],"elbowRight":[-0.0369143970310688,0.16463132202625275,2.43204665184021]}