{"shoulderLeft":[-0.1121881976723671,0.10682179778814316,1.4094983339309692],"kneeRight":[0.12229669094085693,-0.5685305595397949,1.6786296367645264],"handLeft":[0.0061703757382929325,0.056065790355205536,0.9718619585037231],"spineBase":[0.025766627863049507,-0.1841917783021927,1.531772494316101],"handRight":[-0.11450695246458054,-0.20338298380374908,1.287899374961853],"footLeft":[-0.06473428755998611,-0.9402059316635132,1.768515706062317],"neck":[0.02323489636182785,0.22726307809352875,1.3974260091781616],"spineMid":[0.022756129503250122,-0.1158892810344696,1.5063564777374268],"footRight":[0.17077799141407013,-0.9623748660087585,1.7278931140899658],"head":[0.019702158868312836,0.3806297183036804,1.3350141048431396],"hipRight":[0.09547950327396393,-0.24363785982131958,1.559745192527771],"kneeLeft":[-0.06162380427122116,-0.5647053122520447,1.6912797689437866],"shoulderRight":[0.1800461858510971,0.1024925485253334,1.4813095331192017],"hipLeft":[-0.0387134775519371,-0.24843482673168182,1.5405681133270264],"elbowLeft":[-0.1608535498380661,-0.037962108850479126,1.2462133169174194],"elbowRight":[0.1589411497116089,-0.10574869811534882,1.4195568561553955]}