{"shoulderLeft":[0.26301202178001404,-0.07473520934581757,1.7074936628341675],"kneeRight":[0.6562618613243103,-0.17045122385025024,1.5299005508422852],"handLeft":[0.20939920842647552,-0.4125538468360901,1.5514582395553589],"spineBase":[0.3612423837184906,-0.15988124907016754,1.6284793615341187],"handRight":[0.44334229826927185,-0.22155046463012695,1.4135459661483765],"footLeft":[0.25522127747535706,-0.41496437788009644,1.5601342916488647],"neck":[0.3795895576477051,-0.005921508185565472,1.6215825080871582],"spineMid":[0.36594265699386597,-0.1336120367050171,1.627983808517456],"footRight":[0.8300300240516663,-0.04779895395040512,1.2675061225891113],"head":[0.2826031446456909,0.1360323429107666,1.5613764524459839],"hipRight":[0.4153743386268616,-0.22007407248020172,1.5980348587036133],"kneeLeft":[0.518537700176239,-0.1685420572757721,1.5302273035049438],"shoulderRight":[0.5152766704559326,-0.027732355520129204,1.609893560409546],"hipLeft":[0.29212260246276855,-0.22945167124271393,1.6564439535140991],"elbowLeft":[0.21983808279037476,-0.24969717860221863,1.7093286514282227],"elbowRight":[0.6256654858589172,-0.12305876612663269,1.556091070175171]}