{"shoulderLeft":[0.3412352204322815,-0.02978331968188286,1.8544074296951294],"kneeRight":[0.33118897676467896,-0.5958987474441528,1.8222665786743164],"handLeft":[0.09319521486759186,-0.13844013214111328,1.8407832384109497],"spineBase":[0.3952389359474182,-0.35716670751571655,1.7458927631378174],"handRight":[0.20736874639987946,-0.23700997233390808,1.7564243078231812],"footLeft":[0.2530905604362488,-0.8010384440422058,1.954849362373352],"neck":[0.3560383915901184,0.06576517969369888,1.6553860902786255],"spineMid":[0.39058277010917664,-0.2847389280796051,1.7270934581756592],"footRight":[0.557587742805481,-0.7816911339759827,1.9415864944458008],"head":[0.2750934958457947,0.22622212767601013,1.6613351106643677],"hipRight":[0.40940630435943604,-0.36748844385147095,1.7273694276809692],"kneeLeft":[0.5177286267280579,-0.6391032934188843,1.9354838132858276],"shoulderRight":[0.4109106659889221,-0.03891325369477272,1.6085879802703857],"hipLeft":[0.38142043352127075,-0.3932338058948517,1.7734501361846924],"elbowLeft":[0.2778155207633972,-0.22448186576366425,1.809624195098877],"elbowRight":[0.3808847665786743,-0.23710067570209503,1.5450458526611328]}