{"shoulderLeft":[-0.4607025980949402,0.17278027534484863,1.9980202913284302],"kneeRight":[-0.1692192703485489,-0.4718817472457886,2.349285125732422],"handLeft":[-0.6300682425498962,-0.3707602322101593,2.1039974689483643],"spineBase":[-0.29588013887405396,-0.08880758285522461,2.12632155418396],"handRight":[-0.08603770285844803,-0.3715991675853729,2.362537384033203],"footLeft":[-0.6302415132522583,-0.9447330236434937,2.49562406539917],"neck":[-0.30326467752456665,0.26690247654914856,2.0142226219177246],"spineMid":[-0.29715436697006226,-0.02949550747871399,2.1051881313323975],"footRight":[-0.02938210964202881,-0.8950510621070862,2.5500118732452393],"head":[-0.26984816789627075,0.4573206305503845,1.9347858428955078],"hipRight":[-0.22241859138011932,-0.15800629556179047,2.1710972785949707],"kneeLeft":[-0.5237237215042114,-0.5136430263519287,2.2815873622894287],"shoulderRight":[-0.1376250982284546,0.20162254571914673,2.119723320007324],"hipLeft":[-0.3659319281578064,-0.16774477064609528,2.1230897903442383],"elbowLeft":[-0.5747542381286621,-0.059080418199300766,2.075373888015747],"elbowRight":[-0.12686428427696228,-0.05831034108996391,2.267326593399048]}