{"shoulderLeft":[-0.2928900122642517,-0.1649027019739151,1.1942107677459717],"kneeRight":[-0.3641802668571472,-0.14892789721488953,1.2522523403167725],"handLeft":[-0.6406363248825073,-0.28892046213150024,1.5722652673721313],"spineBase":[-0.1404755860567093,-0.09303419291973114,1.1929854154586792],"handRight":[0.2236213982105255,-0.3893051743507385,1.0417768955230713],"footLeft":[-0.6443883180618286,-0.4140929579734802,1.6269183158874512],"neck":[-0.15044976770877838,-0.11547894775867462,1.1937391757965088],"spineMid":[-0.13902658224105835,-0.11219638586044312,1.1609960794448853],"footRight":[-0.053338468074798584,-0.5341838598251343,1.268479347229004],"head":[-0.15747322142124176,0.05965130031108856,1.1167402267456055],"hipRight":[-0.2103615552186966,-0.3130404055118561,1.1434091329574585],"kneeLeft":[-0.501794695854187,-0.24555201828479767,1.3099315166473389],"shoulderRight":[-0.014444499276578426,-0.165411114692688,1.2342181205749512],"hipLeft":[-0.2883526682853699,-0.33745792508125305,1.4947640895843506],"elbowLeft":[-0.45889341831207275,-0.20406991243362427,1.3445775508880615],"elbowRight":[0.062269967049360275,-0.30090028047561646,1.262295126914978]}