{"shoulderLeft":[-0.2624486982822418,0.6292914152145386,2.593238592147827],"kneeRight":[-0.007203851826488972,-0.25009047985076904,2.8884689807891846],"handLeft":[-0.5142612457275391,0.32230305671691895,2.4062371253967285],"spineBase":[-0.10351844877004623,0.304487943649292,2.664382219314575],"handRight":[0.19867123663425446,0.16427916288375854,2.6770598888397217],"footLeft":[-0.29212498664855957,-0.725210964679718,3.066876173019409],"neck":[-0.11235229671001434,0.6999408006668091,2.5777337551116943],"spineMid":[-0.1047111451625824,0.3703712224960327,2.647509813308716],"footRight":[0.015322032384574413,-0.6970756649971008,3.170194387435913],"head":[-0.06759956479072571,0.8488819003105164,2.479353904724121],"hipRight":[-0.03276368975639343,0.23298433423042297,2.6843037605285645],"kneeLeft":[-0.21653130650520325,-0.2622198462486267,2.83240008354187],"shoulderRight":[0.055212683975696564,0.6236153841018677,2.6165311336517334],"hipLeft":[-0.17183274030685425,0.23535245656967163,2.669835090637207],"elbowLeft":[-0.3615899085998535,0.44423016905784607,2.6480584144592285],"elbowRight":[0.13943107426166534,0.4418453872203827,2.675280809402466]}