{"shoulderLeft":[-0.3240409791469574,-0.07007254660129547,1.5428831577301025],"kneeRight":[-0.08836549520492554,-0.6492709517478943,1.6787575483322144],"handLeft":[-0.26140594482421875,-0.23775328695774078,1.3233486413955688],"spineBase":[-0.16655686497688293,-0.3283175528049469,1.5614312887191772],"handRight":[-0.22774313390254974,-0.22121509909629822,1.3865728378295898],"footLeft":[-0.25640374422073364,-1.0063246488571167,1.7560406923294067],"neck":[-0.1699850708246231,0.011563600040972233,1.490535020828247],"spineMid":[-0.16687481105327606,-0.271672785282135,1.5474673509597778],"footRight":[-0.07740437984466553,-1.007016897201538,1.7355164289474487],"head":[-0.19248995184898376,0.1633167713880539,1.3827128410339355],"hipRight":[-0.1037871465086937,-0.38936036825180054,1.5708423852920532],"kneeLeft":[-0.23788982629776,-0.6537785530090332,1.6910505294799805],"shoulderRight":[-0.033003054559230804,-0.053054604679346085,1.512406587600708],"hipLeft":[-0.22893227636814117,-0.39670777320861816,1.5743801593780518],"elbowLeft":[-0.3753233253955841,-0.1967099905014038,1.6040102243423462],"elbowRight":[0.041361115872859955,-0.22684745490550995,1.536056637763977]}