{"shoulderLeft":[-0.3818071484565735,-0.07011590898036957,1.4352309703826904],"kneeRight":[-0.18415164947509766,-0.6599065661430359,1.5913485288619995],"handLeft":[-0.3964621126651764,-0.4636572003364563,1.5137873888015747],"spineBase":[-0.22217239439487457,-0.2828225791454315,1.4724717140197754],"handRight":[-0.024802982807159424,-0.5264409184455872,1.4718650579452515],"footLeft":[-0.4061816930770874,-0.9594732522964478,1.6289258003234863],"neck":[-0.2460777461528778,0.034615177661180496,1.4090372323989868],"spineMid":[-0.22643597424030304,-0.22998425364494324,1.4595839977264404],"footRight":[-0.21057040989398956,-0.9710818529129028,1.607248067855835],"head":[-0.2765931785106659,0.17667482793331146,1.3373137712478638],"hipRight":[-0.1438845545053482,-0.33801108598709106,1.481338381767273],"kneeLeft":[-0.3436048626899719,-0.6662082672119141,1.598822832107544],"shoulderRight":[-0.11550635099411011,-0.026614420115947723,1.4181817770004272],"hipLeft":[-0.2896639108657837,-0.34875038266181946,1.484022617340088],"elbowLeft":[-0.3899006247520447,-0.23331020772457123,1.4641371965408325],"elbowRight":[-0.02782001905143261,-0.22885608673095703,1.4568489789962769]}