{"shoulderLeft":[-0.16643789410591125,-0.24631285667419434,0.9288935661315918],"kneeRight":[-0.26911661028862,-0.2125719040632248,0.9701789021492004],"handLeft":[-0.43834665417671204,0.13986319303512573,0.9475159645080566],"spineBase":[-0.4886176586151123,-0.3320348262786865,1.0701483488082886],"handRight":[-0.19640028476715088,-0.2540169358253479,0.7739025950431824],"footLeft":[-0.9372777938842773,-0.3949230909347534,1.5083521604537964],"neck":[-0.21337395906448364,-0.17955946922302246,0.9992085099220276],"spineMid":[-0.45821836590766907,-0.29347237944602966,1.0212807655334473],"footRight":[0.08824120461940765,-0.42050081491470337,1.0315539836883545],"head":[-0.2050178050994873,0.052914708852767944,0.9950511455535889],"hipRight":[-0.6103493571281433,-0.356621116399765,1.0521249771118164],"kneeLeft":[-0.7367158532142639,-0.3868415653705597,1.288203239440918],"shoulderRight":[-0.4692802131175995,-0.09548243880271912,1.0713279247283936],"hipLeft":[-0.4753453731536865,-0.3895907998085022,1.1106094121932983],"elbowLeft":[-0.32001423835754395,-0.09666602313518524,0.9916905164718628],"elbowRight":[-0.38117715716362,-0.2151351273059845,1.0030280351638794]}