{"shoulderLeft":[-0.4967142343521118,0.06363912671804428,1.9286541938781738],"kneeRight":[-0.37998148798942566,-0.6143368482589722,2.0497207641601562],"handLeft":[-0.5341100692749023,-0.01674986444413662,1.4909864664077759],"spineBase":[-0.39749813079833984,-0.07991215586662292,1.933605432510376],"handRight":[-0.34214019775390625,0.3070503771305084,1.6894683837890625],"footLeft":[-0.5977523326873779,-0.49248433113098145,1.287611484527588],"neck":[-0.3669716715812683,0.11616396903991699,1.8838300704956055],"spineMid":[-0.39258307218551636,-0.052568528801202774,1.9275832176208496],"footRight":[-0.40232327580451965,-0.8784779906272888,2.075239896774292],"head":[-0.2943243682384491,0.2911355495452881,1.7956860065460205],"hipRight":[-0.3977090120315552,-0.3073570132255554,1.8234879970550537],"kneeLeft":[-0.5232445597648621,-0.26610538363456726,1.6827298402786255],"shoulderRight":[-0.30259472131729126,0.105738066136837,1.8660593032836914],"hipLeft":[-0.4829210042953491,-0.2713906466960907,2.0748403072357178],"elbowLeft":[-0.46829867362976074,-0.09503871202468872,1.8386688232421875],"elbowRight":[-0.3828469216823578,-0.002720327116549015,1.6784954071044922]}