{"shoulderLeft":[-0.26503533124923706,-0.05673519894480705,1.3580957651138306],"kneeRight":[-0.02789289690554142,-0.7058780789375305,1.5341098308563232],"handLeft":[-0.1308635026216507,-0.2506244480609894,0.9528412222862244],"spineBase":[-0.1243467926979065,-0.31125009059906006,1.4456813335418701],"handRight":[0.03698670491576195,-0.2620609700679779,1.2295196056365967],"footLeft":[-0.5647851824760437,-0.9432523250579834,1.6454603672027588],"neck":[-0.1288439929485321,0.027379006147384644,1.4012541770935059],"spineMid":[-0.1256113201379776,-0.25409653782844543,1.435191035270691],"footRight":[0.0019086101092398167,-1.0405504703521729,1.501853346824646],"head":[-0.1435474157333374,0.18993963301181793,1.327134132385254],"hipRight":[-0.06342841684818268,-0.3729628920555115,1.4641302824020386],"kneeLeft":[-0.35735341906547546,-0.5713862180709839,1.5598292350769043],"shoulderRight":[0.013855095952749252,-0.04712425917387009,1.4243757724761963],"hipLeft":[-0.18318261206150055,-0.37912604212760925,1.4404048919677734],"elbowLeft":[-0.26837944984436035,-0.19351555407047272,1.2265475988388062],"elbowRight":[0.08237269520759583,-0.24830864369869232,1.4673664569854736]}