{"shoulderLeft":[0.08359558880329132,0.17528752982616425,2.7061331272125244],"kneeRight":[0.2961363196372986,-0.5470461249351501,2.609562397003174],"handLeft":[0.04040808975696564,0.1196204274892807,2.707775592803955],"spineBase":[0.26545149087905884,-0.15499992668628693,2.702702522277832],"handRight":[0.10129282623529434,-0.1898634135723114,2.542372465133667],"footLeft":[0.26049888134002686,-0.8239039778709412,2.498150587081909],"neck":[0.25477245450019836,0.24139511585235596,2.72706937789917],"spineMid":[0.27188408374786377,-0.09108077734708786,2.7393054962158203],"footRight":[0.2594526410102844,-0.821823000907898,2.55499529838562],"head":[0.2752109169960022,0.3920708894729614,2.776207447052002],"hipRight":[0.3178354501724243,-0.2049456238746643,2.6828629970550537],"kneeLeft":[0.13272260129451752,-0.5519357919692993,2.8250346183776855],"shoulderRight":[0.31197574734687805,0.1644570529460907,2.660008430480957],"hipLeft":[0.2141570895910263,-0.2153768092393875,2.7126216888427734],"elbowLeft":[0.1043066456913948,-0.0022397388238459826,2.61032772064209],"elbowRight":[0.21851705014705658,-0.013398636132478714,2.5684468746185303]}