{"shoulderLeft":[-0.4763295352458954,0.08430366963148117,1.6906803846359253],"kneeRight":[-0.0765334814786911,-0.5570772886276245,1.9858468770980835],"handLeft":[-0.5970331430435181,-0.4628678262233734,1.8461687564849854],"spineBase":[-0.29318860173225403,-0.16590209305286407,1.773733139038086],"handRight":[0.024045521393418312,-0.40977707505226135,1.8416152000427246],"footLeft":[-0.43476736545562744,-0.8847562074661255,2.033348321914673],"neck":[-0.30611905455589294,0.16799907386302948,1.6761246919631958],"spineMid":[-0.29536157846450806,-0.11039379239082336,1.7551159858703613],"footRight":[-0.05885492265224457,-0.6915067434310913,2.0274498462677],"head":[-0.2809869647026062,0.3593813180923462,1.5925348997116089],"hipRight":[-0.2165544331073761,-0.2348642647266388,1.8091673851013184],"kneeLeft":[-0.3857751190662384,-0.5555679202079773,1.9381613731384277],"shoulderRight":[-0.13409540057182312,0.09768940508365631,1.7397146224975586],"hipLeft":[-0.36391788721084595,-0.24706809222698212,1.7775862216949463],"elbowLeft":[-0.5630160570144653,-0.12034425884485245,1.7864060401916504],"elbowRight":[-0.06596367806196213,-0.10827141255140305,1.831850528717041]}