{"shoulderLeft":[-0.46420177817344666,0.3461697995662689,2.1252005100250244],"kneeRight":[-0.2578052878379822,-0.43440455198287964,2.484325885772705],"handLeft":[-0.46878373622894287,-0.25998061895370483,2.1687400341033936],"spineBase":[-0.32178908586502075,0.073443703353405,2.282731056213379],"handRight":[-0.07052948325872421,-0.14753681421279907,2.3704755306243896],"footLeft":[-0.35258054733276367,-0.9339609146118164,2.4862663745880127],"neck":[-0.3277783989906311,0.4590776562690735,2.137247323989868],"spineMid":[-0.3230726420879364,0.1377437263727188,2.256071090698242],"footRight":[-0.2456665188074112,-0.8656835556030273,2.6523337364196777],"head":[-0.2902021110057831,0.6246122717857361,2.042410373687744],"hipRight":[-0.26063087582588196,0.02060125209391117,2.3335514068603516],"kneeLeft":[-0.3498283624649048,-0.47242113947868347,2.3510801792144775],"shoulderRight":[-0.1964055299758911,0.4117279648780823,2.2804112434387207],"hipLeft":[-0.38023948669433594,9.177689207717776E-4,2.2749171257019043],"elbowLeft":[-0.49526968598365784,0.13090001046657562,2.161045789718628],"elbowRight":[-0.15795989334583282,0.149903804063797,2.383592367172241]}