{"shoulderLeft":[0.5431941747665405,-0.3424396216869354,1.195993423461914],"kneeRight":[0.4437585175037384,-0.3043974041938782,0.9426913261413574],"handLeft":[0.514091432094574,-0.458191454410553,1.1968247890472412],"spineBase":[0.37037861347198486,-0.263791024684906,0.8277539610862732],"handRight":[0.5419049263000488,-0.11106457561254501,1.0505096912384033],"footLeft":[0.6062058210372925,-0.7161340117454529,1.3616150617599487],"neck":[0.0,0.0,0.0],"spineMid":[0.3716534972190857,-0.2612147629261017,0.8257395029067993],"footRight":[0.6099059581756592,-0.2682315409183502,0.9920662641525269],"head":[0.15198975801467896,-0.033882565796375275,0.36738067865371704],"hipRight":[0.2716386616230011,-0.21634966135025024,0.623741865158081],"kneeLeft":[0.5523905158042908,-0.5843891501426697,1.2398699522018433],"shoulderRight":[0.5544282793998718,-0.46288245916366577,1.1605488061904907],"hipLeft":[0.45656338334083557,-0.3154238164424896,1.0140413045883179],"elbowLeft":[0.6194146871566772,-0.24559465050697327,1.0911130905151367],"elbowRight":[0.5923362970352173,-0.3177548348903656,1.1774945259094238]}