{"shoulderLeft":[-0.1540336310863495,0.09659354388713837,1.4636107683181763],"kneeRight":[0.11758366227149963,-0.5842440128326416,1.669514536857605],"handLeft":[-0.164202019572258,-0.47568047046661377,1.5177744626998901],"spineBase":[0.010493705980479717,-0.1835200935602188,1.5313235521316528],"handRight":[0.21216082572937012,-0.4573361575603485,1.5325368642807007],"footLeft":[-0.06092039868235588,-0.9461973905563354,1.7601748704910278],"neck":[-0.0015669510466977954,0.18631602823734283,1.4130606651306152],"spineMid":[0.008786245249211788,-0.12189678847789764,1.5091428756713867],"footRight":[0.15801556408405304,-0.9628106951713562,1.7049281597137451],"head":[-0.010601690039038658,0.35962212085723877,1.3192392587661743],"hipRight":[0.08077823370695114,-0.24689039587974548,1.5522370338439941],"kneeLeft":[-0.061176493763923645,-0.5830565094947815,1.6985808610916138],"shoulderRight":[0.1522800177335739,0.11292058229446411,1.4707127809524536],"hipLeft":[-0.05668250843882561,-0.25286629796028137,1.5482441186904907],"elbowLeft":[-0.16439026594161987,-0.1591869443655014,1.5361931324005127],"elbowRight":[0.20553404092788696,-0.13257485628128052,1.5649794340133667]}