{"shoulderLeft":[-0.4736171066761017,-0.4154777228832245,0.9740850925445557],"kneeRight":[-0.4176868200302124,-0.20539745688438416,0.9091293811798096],"handLeft":[-0.4899090528488159,-0.8816298842430115,1.0239903926849365],"spineBase":[-0.3757970929145813,-0.2841423749923706,0.7394252419471741],"handRight":[-0.42292484641075134,-0.8277637958526611,0.8908429741859436],"footLeft":[-0.6651378273963928,-0.7055023312568665,1.0469176769256592],"neck":[0.0,0.0,0.0],"spineMid":[-0.37334591150283813,-0.28732413053512573,0.7370098233222961],"footRight":[-0.5067997574806213,-0.21105870604515076,0.8501075506210327],"head":[-0.10182303190231323,-0.04839786887168884,0.3941783308982849],"hipRight":[-0.33467209339141846,-0.25732195377349854,0.6698104739189148],"kneeLeft":[-0.6265368461608887,-0.5636322498321533,0.9469420313835144],"shoulderRight":[-0.47513291239738464,-0.426491916179657,0.9876314401626587],"hipLeft":[-0.41542744636535645,-0.3100503087043762,0.8049212694168091],"elbowLeft":[-0.4822128415107727,-0.6165429949760437,0.9944119453430176],"elbowRight":[-0.4360966384410858,-0.6171751022338867,0.9402782320976257]}