{"shoulderLeft":[-0.38881561160087585,0.07176242768764496,1.7105783224105835],"kneeRight":[-0.39924466609954834,-0.46319934725761414,1.6988303661346436],"handLeft":[0.052105434238910675,0.025199968367815018,1.42176353931427],"spineBase":[-0.2711242139339447,-0.2047661691904068,1.7983981370925903],"handRight":[0.1660085916519165,-0.23349341750144958,1.9368873834609985],"footLeft":[-0.18580201268196106,-0.9491925239562988,1.6083406209945679],"neck":[-0.3301985263824463,0.19727662205696106,1.8518697023391724],"spineMid":[-0.2818014621734619,-0.1378287523984909,1.8046972751617432],"footRight":[-0.1361892968416214,-0.679613471031189,1.7445257902145386],"head":[-0.2979010343551636,0.3478328585624695,1.895321249961853],"hipRight":[-0.22504284977912903,-0.2894510328769684,1.8550089597702026],"kneeLeft":[-0.2781015634536743,-0.590207576751709,1.6863433122634888],"shoulderRight":[-0.2529480755329132,0.06513643264770508,1.9928088188171387],"hipLeft":[-0.29448384046554565,-0.26346704363822937,1.7185041904449463],"elbowLeft":[-0.26787465810775757,-0.07263951003551483,1.52838933467865],"elbowRight":[-0.1312519609928131,-0.2051800638437271,2.0188426971435547]}