{"shoulderLeft":[-0.4663330316543579,0.10445017367601395,1.743994116783142],"kneeRight":[-0.08407682925462723,-0.5799208283424377,1.7065889835357666],"handLeft":[-0.32092779874801636,-0.17503809928894043,1.4645317792892456],"spineBase":[-0.23924317955970764,-0.16061323881149292,1.7286347150802612],"handRight":[-0.044748704880476,-0.2691159248352051,1.5106903314590454],"footLeft":[-0.3702029883861542,-1.0319223403930664,1.6504850387573242],"neck":[-0.2824985086917877,0.2188759297132492,1.7669414281845093],"spineMid":[-0.2508344352245331,-0.10305721312761307,1.7707264423370361],"footRight":[-0.005859794560819864,-1.003867506980896,1.5900825262069702],"head":[-0.29898592829704285,0.40723738074302673,1.7469854354858398],"hipRight":[-0.14981228113174438,-0.23218855261802673,1.7273489236831665],"kneeLeft":[-0.3418474793434143,-0.5976508259773254,1.7335363626480103],"shoulderRight":[-0.10817345976829529,0.13288132846355438,1.7804865837097168],"hipLeft":[-0.3089894652366638,-0.24593722820281982,1.7084132432937622],"elbowLeft":[-0.5574186444282532,-0.0899604931473732,1.666659951210022],"elbowRight":[-0.03328179195523262,-0.10288956016302109,1.787231683731079]}