{"shoulderLeft":[0.0,0.0,0.0],"kneeRight":[0.0,0.0,0.0],"handLeft":[-0.1902523785829544,-0.14331191778182983,0.6000745296478271],"spineBase":[0.0,0.0,0.0],"handRight":[-0.37889260053634644,-0.1300022006034851,0.5937352180480957],"footLeft":[-0.12306517362594604,-0.009820308536291122,0.4823148846626282],"neck":[0.0,0.0,0.0],"spineMid":[0.0,0.0,0.0],"footRight":[-0.1914171278476715,-0.06381966173648834,0.4426693916320801],"head":[-0.12126848846673965,-0.05742783844470978,0.35436415672302246],"hipRight":[0.0,0.0,0.0],"kneeLeft":[0.0,0.0,0.0],"shoulderRight":[0.0,0.0,0.0],"hipLeft":[0.0,0.0,0.0],"elbowLeft":[-0.11806831508874893,-0.10943247377872467,0.30523407459259033],"elbowRight":[-0.12353387475013733,-0.058057863265275955,0.31560641527175903]}