{"shoulderLeft":[0.05733657628297806,0.23082660138607025,2.604032516479492],"kneeRight":[0.0851338729262352,0.16884875297546387,2.557182550430298],"handLeft":[-0.32457783818244934,0.26600024104118347,2.727328062057495],"spineBase":[0.07367032766342163,0.18171273171901703,2.8318593502044678],"handRight":[-0.11309925466775894,0.1458713859319687,2.50400447845459],"footLeft":[0.2573540210723877,0.08653029799461365,2.4610259532928467],"neck":[0.17823581397533417,0.27014535665512085,2.6265835762023926],"spineMid":[0.09112834185361862,0.19636936485767365,2.7958731651306152],"footRight":[0.24006275832653046,0.013120453804731369,2.4356136322021484],"head":[-0.016106173396110535,0.34141331911087036,2.714001178741455],"hipRight":[0.10539311170578003,0.16342367231845856,2.8837289810180664],"kneeLeft":[0.22680963575839996,0.36471039056777954,2.628282070159912],"shoulderRight":[0.3210221827030182,0.24769362807273865,2.622594118118286],"hipLeft":[-0.011031807400286198,0.15720660984516144,2.8788535594940186],"elbowLeft":[-0.11067722737789154,0.2839648127555847,2.6989238262176514],"elbowRight":[0.16021597385406494,0.1129067912697792,2.435237407684326]}