{"shoulderLeft":[-0.3412867486476898,-0.2032543420791626,1.1007107496261597],"kneeRight":[-0.16995620727539062,-0.10423313081264496,0.5065587162971497],"handLeft":[-0.40289008617401123,-0.3498002588748932,0.8979300856590271],"spineBase":[0.0,0.0,0.0],"handRight":[-0.15831752121448517,-0.45377784967422485,0.6945875883102417],"footLeft":[-0.1439289152622223,-0.37073051929473877,0.70344477891922],"neck":[-0.18678367137908936,-0.12534993886947632,0.9161326885223389],"spineMid":[0.0,0.0,0.0],"footRight":[-0.30186960101127625,-0.3114069700241089,0.7337096333503723],"head":[-0.2645864486694336,0.02841849811375141,0.8944727182388306],"hipRight":[0.0,0.0,0.0],"kneeLeft":[-0.20148539543151855,-0.1702253520488739,0.4802636504173279],"shoulderRight":[-0.15860268473625183,-0.22344285249710083,0.8930859565734863],"hipLeft":[0.0,0.0,0.0],"elbowLeft":[-0.23278382420539856,-0.4029821753501892,0.9144831299781799],"elbowRight":[-0.21226279437541962,-0.11576004326343536,0.6957699656486511]}