{"shoulderLeft":[-0.22619719803333282,0.1751248985528946,1.818106770515442],"kneeRight":[0.04259480908513069,-0.5477478504180908,2.093745231628418],"handLeft":[0.27040234208106995,0.08374833315610886,1.8702163696289062],"spineBase":[-0.07020656019449234,-0.12156280130147934,1.896117091178894],"handRight":[0.33664166927337646,-0.12292136251926422,1.9075055122375488],"footLeft":[-0.15733729302883148,-0.9330422878265381,2.2123000621795654],"neck":[-0.06629659235477448,0.20405367016792297,1.7778396606445312],"spineMid":[-0.0695548951625824,-0.06729339063167572,1.874128818511963],"footRight":[0.04169559106230736,-0.9281924962997437,2.1838014125823975],"head":[-0.08424367010593414,0.3708558976650238,1.629347324371338],"hipRight":[-2.745911478996277E-4,-0.19172731041908264,1.9222421646118164],"kneeLeft":[-0.1732615828514099,-0.5368061661720276,2.126821279525757],"shoulderRight":[0.08820608258247375,0.16262927651405334,1.804874300956726],"hipLeft":[-0.1417560577392578,-0.18610426783561707,1.914301872253418],"elbowLeft":[0.0038960129022598267,0.12549199163913727,1.8305623531341553],"elbowRight":[0.2294817715883255,0.06653553992509842,1.8688935041427612]}