{"shoulderLeft":[-0.4096528887748718,-0.279828816652298,0.9148074984550476],"kneeRight":[0.05541491508483887,-0.6017434597015381,1.0262035131454468],"handLeft":[-0.47797128558158875,-0.6738803386688232,1.1905962228775024],"spineBase":[-0.28917646408081055,-0.27693161368370056,1.0080972909927368],"handRight":[0.0626576617360115,-0.6300727725028992,1.0890543460845947],"footLeft":[-0.554779589176178,-0.9387853145599365,1.359836220741272],"neck":[-0.27408868074417114,-0.10638878494501114,0.9528105854988098],"spineMid":[-0.2887638211250305,-0.24982553720474243,0.9958123564720154],"footRight":[0.2304559051990509,-0.9071285724639893,0.9283490180969238],"head":[-0.29983097314834595,0.05696820840239525,0.8859764337539673],"hipRight":[-0.21384012699127197,-0.32102614641189575,1.0721771717071533],"kneeLeft":[-0.47231706976890564,-0.6521425843238831,1.231295108795166],"shoulderRight":[-0.15943139791488647,-0.22455653548240662,0.9211226105690002],"hipLeft":[-0.3706150949001312,-0.353330135345459,0.9850525259971619],"elbowLeft":[-0.49447888135910034,-0.4341873824596405,1.0567853450775146],"elbowRight":[-0.03986663371324539,-0.3960058093070984,0.9750022292137146]}