{"shoulderLeft":[0.0,0.0,0.0],"kneeRight":[0.0,0.0,0.0],"handLeft":[0.24521082639694214,-0.12363458424806595,0.5129843950271606],"spineBase":[0.0,0.0,0.0],"handRight":[0.28393393754959106,-0.09303651750087738,0.5350175499916077],"footLeft":[0.14736564457416534,-0.12812869250774384,0.3027188777923584],"neck":[0.0,0.0,0.0],"spineMid":[0.0,0.0,0.0],"footRight":[0.125084787607193,-0.04634196683764458,0.35796231031417847],"head":[0.148674875497818,-0.016791468486189842,0.35707592964172363],"hipRight":[0.0,0.0,0.0],"kneeLeft":[0.0,0.0,0.0],"shoulderRight":[0.0,0.0,0.0],"hipLeft":[0.0,0.0,0.0],"elbowLeft":[0.12214541435241699,-0.03769565001130104,0.26313480734825134],"elbowRight":[0.14505302906036377,-0.10523174703121185,0.27770426869392395]}